Kus sa koolis käid?;Olen
Jõgevamaa;Naine
Jõgevamaa;Naine
Tallinn;Naine
Tallinn;Naine
Tallinn;Naine
Tallinn;Mees
Jõgevamaa;Naine
Jõgevamaa;Naine
Tallinn;Naine
Jõgevamaa;Mees
Tallinn;Naine
Valgamaa;Mees
Tallinn;Mees
Tallinn;Naine
Võrumaa;Naine
Tartu;Naine
Tallinn;Naine
Tartu;Mees
Tartu;Naine
Tartu;Naine
Tartu;Naine
Tartu;Naine
Tartu;Mees
Tartu;Naine
Järvamaa;Naine
Tartu;Mees
Tartu;Naine
Lääne-Virumaa;Naine
Ida-Virumaa;Naine
Põlvamaa;Naine
Valgamaa;Naine
Valgamaa;Naine
Tallinn;Naine
Valgamaa;Naine
Valgamaa;Naine
Tallinn;Naine
Tartu;Mees
Ida-Virumaa;Naine
Võrumaa;Mees
Harjumaa;Naine
Ida-Virumaa;Naine
Ida-Virumaa;Naine
Tartu;Mees
Tallinn;Naine
Lääne-Virumaa;Naine
Tallinn;Mees
Pärnumaa;Naine
Tartu;Naine
Lääne-Virumaa;Naine
Põlvamaa;Mees
Läänemaa;Naine
Tartu;Naine
Läänemaa;Naine
Tartu;Naine
Põlvamaa;Naine
Jõgevamaa;Naine
Tartu;Naine
Lääne-Virumaa;Naine
Tartu;Naine
Tallinn;Naine
Läänemaa;Ei soovi avaldada
Tartu;Mees
Põlvamaa;Naine
Läänemaa;Naine
Tartu;Mees
Tartu;Naine
Tartu;Naine
Ida-Virumaa;Mees
Järvamaa;Naine
Ida-Virumaa;Naine
Lääne-Virumaa;Naine
Tartu;Naine
Tartu;Naine
Järvamaa;Naine
Tartu;Naine
Lääne-Virumaa;Naine
Ida-Virumaa;Mees
Lääne-Virumaa;Naine
Tartu;Naine
Järvamaa;Naine
Läänemaa;Naine
Tartu;Naine
Tallinn;Mees
Ida-Virumaa;Naine
Tallinn;Naine
Tallinn;Naine
Tartu;Naine
Järvamaa;Naine
Lääne-Virumaa;Mees
Tartu;Mees
Tallinn;Mees
Tallinn;Naine
Tallinn;Naine
Harjumaa;Naine
Tartu;Naine
Tartu;Mees
Tartu;Mees
Pärnumaa;Naine
Tallinn;Naine
Tartu;Naine
Tallinn;Naine
Tallinn;Naine
Tallinn;Mees
Tallinn;Naine
Tallinn;Naine
Harjumaa;Naine
Tartu;Naine
Tartu;Mees
Tallinn;Naine
Tartu;Naine
Ida-Virumaa;Mees
Tartu;Naine
Tartu;Naine
Tartu;Naine
Jõgevamaa;Naine
Lääne-Virumaa;Naine
Tallinn;Naine
Raplamaa;Naine
Hiiumaa;Naine
Hiiumaa;Naine
Lääne-Virumaa;Naine
Põlvamaa;Naine
Hiiumaa;Naine
Tallinn;Mees
Tallinn;Naine
Tallinn;Mees
Hiiumaa;Mees
Pärnumaa;Naine
Hiiumaa;Naine
Hiiumaa;Mittebinaarne
Tallinn;Mees
Tallinn;Naine
Tallinn;Mees
Põlvamaa;Naine
Põlvamaa;Naine
Põlvamaa;Naine
Põlvamaa;Naine
Tallinn;Mees
Tallinn;Naine
Võrumaa;Naine
Tallinn;Mees
Tallinn;Naine
Hiiumaa;Naine
Tallinn;Mees
Hiiumaa;Naine
Hiiumaa;Mees
Tallinn;Mees
Hiiumaa;Naine
Tartu;Mees
Hiiumaa;Mees
Tallinn;Naine
Põlvamaa;Naine
Hiiumaa;Naine
Jõgevamaa;Naine
Hiiumaa;Naine
Hiiumaa;Mees
Tallinn;Mees
Põlvamaa;Naine
Hiiumaa;Mees
Põlvamaa;Naine
Pärnumaa;Naine
Pärnumaa;Naine
Viljandimaa;Ei soovi avaldada
Läänemaa;Naine
Harjumaa;Naine
Põlvamaa;Naine
Tartu;Naine
Põlvamaa;Naine
Tartu;Naine
Tartu;Naine
Võrumaa;Naine
Tartu;Naine
Tartu;Mees
Tartu;Naine
Tallinn;Mees
Tallinn;Naine
Võrumaa;Mees
Jõgevamaa;Mees
Võrumaa;Naine
Tallinn;Naine
Põlvamaa;Naine
Põlvamaa;Naine
Põlvamaa;Mees
Võrumaa;Naine
Võrumaa;Naine
Tartu;Mees
Jõgevamaa;Naine
Harjumaa;Mees
Läänemaa;Naine
Põlvamaa;Naine
Tallinn;Naine
Tartu;Mees
Harjumaa;Mees
Harjumaa;Mees
Tallinn;Naine
Põlvamaa;Naine
Tartu;Mees
Tartu;Naine
Tallinn;Naine
Tallinn;Mees
Tallinn;Naine
Tallinn;Mees
Tallinn;Naine
Läänemaa;Naine
Tallinn;Mees
Tallinn;Mees
Tallinn;Naine
Tallinn;Naine
Tallinn;Naine
Tallinn;Naine
Tallinn;Naine
Tallinn;Naine
Tallinn;Mees
Tallinn;Mees
Tallinn;Naine
Tallinn;Naine
Tallinn;Naine
Tallinn;Naine
Tallinn;Naine
Tallinn;Naine
Tallinn;Naine
Tartu;Mees
Tartu;Ei soovi avaldada
Jõgevamaa;Mees
Jõgevamaa;Naine
Jõgevamaa;Naine
Harjumaa;Mees
Jõgevamaa;Naine
Narva;Mees
Viljandimaa;Mees
Harjumaa;Naine
Viljandimaa;Naine
Viljandimaa;Naine
Viljandimaa;Naine
Viljandimaa;Naine
Viljandimaa;Naine
Viljandimaa;Naine
Harjumaa;Mees
Viljandimaa;Naine
Viljandimaa;Naine
Tallinn;Mittebinaarne
Viljandimaa;Naine
Harjumaa;Mees
Tallinn;Naine
Tallinn;Naine
Saaremaa;Naine
Saaremaa;Naine
Tallinn;Naine
Saaremaa;Naine
Saaremaa;Naine
Saaremaa;Mees
Saaremaa;Naine
Tallinn;Naine
Saaremaa;Mees
Saaremaa;Naine
Saaremaa;Naine
Lääne-Virumaa;Mees
Harjumaa;Naine
Viljandimaa;Naine
Saaremaa;Naine
Harjumaa;Mees
Viljandimaa;Naine
Tallinn;Naine
Saaremaa;Naine
Tallinn;Mees
Tartu;Naine
Viljandimaa;Naine
Pärnu;Mees
Tallinn;Naine
Harjumaa;Naine
Pärnu;Mees
Saaremaa;Naine
Tallinn;Naine
Pärnu;Naine
Pärnu;Naine
Pärnu;Mittebinaarne
Pärnu;Mees
Viljandimaa;Mees
Viljandimaa;Naine
Tallinn;Naine
Pärnu;Mees
Tallinn;Naine
Pärnu;Mees
Pärnu;Naine
Tallinn;Naine
Tallinn;Naine
Viljandimaa;Naine
Pärnu;Naine
Viljandimaa;Naine
Viljandimaa;Naine
Tallinn;Mees
Tallinn;Naine
Pärnu;Naine
Pärnumaa;Naine
Lääne-Virumaa;Naine
Viljandimaa;Naine
Saaremaa;Naine
Saaremaa;Mees
Viljandimaa;Naine
Pärnu;Naine
Viljandimaa;Naine
Tallinn;Naine
Viljandimaa;Naine
Pärnu;Naine
Saaremaa;Naine
Pärnu;Naine
Tartu;Naine
Tartu;Naine
Tartu;Naine
Tartu;Naine
Tartu;Naine
Viljandimaa;Naine
Tartu;Naine
Tartu;Naine
Tartu;Naine
Tartu;Naine
Tartu;Mees
Narva;Mees
Tartu;Naine
Tallinn;Naine
Tartu;Mees
Läänemaa;Mees
Tartu;Mees
Tallinn;Naine
Tartu;Naine
Läänemaa;Naine
Tartu;Ei soovi avaldada
Tallinn;Mees
Tallinn;Naine
Tallinn;Naine
Tartu;Naine
Pärnu;Mees
Tartu;Naine
Viljandimaa;Naine
Tartu;Naine
Tartu;Naine
Tartu;Mittebinaarne
Pärnu;Mees
Pärnu;Mees
Tallinn;Mees
Tallinn;Mees
Pärnu;Naine
Viljandimaa;Naine
Pärnu;Naine
Tartu;Naine
Viljandimaa;Naine
Tartu;Naine
Lääne-Virumaa;Naine
Narva;Mees
Tartu;Mittebinaarne
Tallinn;Mees
Lääne-Virumaa;Mees
Pärnu;Naine
Viljandimaa;Naine
Lääne-Virumaa;Naine
Pärnu;Mees
Tartu;Naine
Lääne-Virumaa;Mees
Pärnu;Naine
Järvamaa;Naine
Järvamaa;Naine
Järvamaa;Naine
Järvamaa;Naine
Järvamaa;Naine
Järvamaa;Naine
Järvamaa;Mees
Tallinn;Naine
Tartu;Naine
Pärnu;Naine
Pärnu;Mees
Pärnu;Naine
Pärnu;Naine
Pärnu;Naine
Pärnu;Naine
Pärnu;Naine
Pärnu;Naine
Pärnu;Naine
Pärnu;Naine
Pärnu;Naine
Järvamaa;Naine
Tartu;Naine
Pärnu;Naine
Pärnu;Naine
Viljandimaa;Mees
Järvamaa;Naine
Tartu;Naine
Tallinn;Naine
Tallinn;Naine
Järvamaa;Naine
Tallinn;Naine
Tallinn;Naine
Tartu;Naine
Tallinn;Naine
